,count,mean,std,min,25%,50%,75%,max
year,62331.0,6.857944038011203e-16,1.0000080217872054,-1.6945511303903187,-0.8776259364232313,-0.00964291783320094,0.8583401007568293,1.7263231193468596
x_coordinate,62331.0,3.009470123063427e-17,1.0000080217871754,-2.515992125634157,-0.7289080090135226,0.11207275174912913,0.8479309174164493,1.8991568683697642
y_coordinate,62331.0,4.240616991589374e-17,1.000008021787246,-2.0979794434773913,-0.7735531483121331,-0.051138805494719594,0.7916779277922626,1.9957018324879519
bed_rock_elevation,62331.0,1.550333093699341e-17,1.0000080217871845,-2.596433555004975,-0.6623681531535511,-0.027372170689173105,0.6270087814140647,2.561074183265488
precipitation,62331.0,1.9151173510403625e-16,1.0000080217872287,-2.5553252293125683,-0.7611945473856685,-0.4327687732228693,0.43489257389893116,2.229023255825831
air_temperature,62331.0,1.1819009937849094e-15,1.0000080217871745,-2.0498739245774473,-0.8549824213897044,0.002359894399399573,0.7585517532798676,3.1788530152842185
ocean_temperature,62331.0,1.082825589491088e-13,1.0000080217871705,-2.2765883803752933,-0.7687497727274232,-0.20371751332752067,0.5863478409278872,2.618994261410853
upper_left_bed_rock_elevation,62331.0,2.1887055440461285e-17,1.0000080217872074,-2.5569918388350836,-0.6557880108525334,-0.03073839727071488,0.6116812078025005,2.512885035785051
upper_left_precipitation,62331.0,7.022096953814662e-17,1.0000080217871876,-2.5262316949645083,-0.7389044403228158,-0.4126822488431909,0.4526470627716459,2.2399743174133384
upper_left_air_temperature,62331.0,3.408908884851845e-15,1.0000080217872078,-2.5030356152323545,-0.5563842920905535,0.05772748275175922,0.741383256670648,2.688034579812451
upper_left_ocean_temperature,62331.0,2.14639057019457e-14,1.000008021787127,-2.2347205068413984,-0.5398554313999002,-0.07358166529534822,0.5900546188944698,2.28491969433593
top_bed_rock_elevation,62331.0,-1.6415291580345963e-17,1.0000080217871774,-2.584307590666603,-0.6584519939918839,-0.010372858829363526,0.6254517371245951,2.5513073337993144
top_precipitation,62331.0,-6.110136310462108e-17,1.000008021787179,-2.53312177433808,-0.7443020774140028,-0.4155493600440576,0.44824438720204873,2.2370640841261253
top_air_temperature,62331.0,-7.240967508219276e-16,1.0000080217871905,-2.63878747147929,-0.6052096401703921,0.0449591763434636,0.7505089140355394,2.355717469734108
top_ocean_temperature,62331.0,7.820974477391499e-15,1.000008021787179,-2.3280255970766937,-0.5787007674502929,-0.1000928202322782,0.5875157856339482,2.3368406152602708
upper_right_bed_rock_elevation,62331.0,-1.0943527720230642e-17,1.000008021787157,-2.5866233769948552,-0.659549079001352,-0.008931605255562436,0.6251671196609837,2.552241417654487
upper_right_precipitation,62331.0,4.0126268307512355e-17,1.0000080217871397,-2.526280571898761,-0.7384748215991542,-0.4150640041143854,0.4533956786005834,2.24120142890019
upper_right_air_temperature,62331.0,1.1855488363583196e-17,1.0000080217871072,-2.4731992769638116,-0.5363748502547017,0.06710194225221282,0.7548414342180383,2.255127004438414
upper_right_ocean_temperature,62331.0,-3.7729635736781845e-14,1.0000080217871639,-2.2097362500943922,-0.528194290422864,-0.06332031289429005,0.59283368269155,2.274375642363115
left_bed_rock_elevation,62331.0,3.511048476907331e-17,1.0000080217871563,-2.5890144667242185,-0.6629149267380724,-0.012320312355174038,0.6211514332526916,2.547250973238838
left_precipitation,62331.0,1.3952997843294068e-16,1.0000080217871448,-2.5222771482424036,-0.7453214825894274,-0.4191143677193122,0.4393156278458903,2.216271293498867
left_air_temperature,62331.0,-3.9761484050171335e-16,1.0000080217871923,-2.6705545891985607,-0.6222987219445594,0.04079969789957098,0.7432051895581084,2.791461056812107
left_ocean_temperature,62331.0,-4.292051571874458e-14,1.0000080217871743,-2.357663217750125,-0.591802921025236,-0.10352754852176163,0.5854372767914243,2.351297573516354
right_bed_rock_elevation,62331.0,-3.647842573410214e-17,1.0000080217871818,-2.5894225790359484,-0.6574371091995929,-0.007894836877349886,0.6305532040246439,2.562538673860999
right_precipitation,62331.0,8.207645790172982e-17,1.0000080217871201,-2.526945690009098,-0.7465247386781275,-0.4199787887312229,0.4404225622091859,2.2208435135401565
right_air_temperature,62331.0,1.586811519433443e-16,1.000008021787192,-2.6805068880300933,-0.6224625658814935,0.03965526989490553,0.7495669822175732,2.329697202531769
right_ocean_temperature,62331.0,-5.009946990321588e-14,1.000008021787174,-2.371711747382112,-0.594174549769012,-0.10299234762797325,0.5908502486396949,2.3683874462527155
lower_left_bed_rock_elevation,62331.0,-3.2830583160691927e-17,1.0000080217872451,-2.5679435577541447,-0.6603320207315989,0.004238895586182934,0.6114090039500983,2.519020540972644
lower_left_precipitation,62331.0,1.6232899451675453e-16,1.000008021787185,-2.4948377131793915,-0.7348455888420201,-0.41640122691469855,0.4384824940495609,2.1984746183869324
lower_left_air_temperature,62331.0,4.906348261236739e-16,1.0000080217871208,-2.4515045976083094,-0.5378354606587168,0.06103738641198176,0.737943963974345,2.651613100923936
lower_left_ocean_temperature,62331.0,-2.6133144195910776e-14,1.0000080217871667,-2.2060835516189505,-0.5254134537159786,-0.05906029724302242,0.5950332782193095,2.2757033761222023
bottom_bed_rock_elevation,62331.0,3.647842573410214e-18,1.0000080217871687,-2.6021676690551256,-0.6660408087618767,-0.009962264691206766,0.6247104314336227,2.560837291726872
bottom_precipitation,62331.0,-7.295685146820428e-18,1.0000080217870726,-2.4987477314825464,-0.7416578651815838,-0.4198599664106987,0.4297353790190578,2.18682524532002
bottom_air_temperature,62331.0,-1.5102068253918287e-15,1.0000080217871998,-2.6165763817393666,-0.6057639359408077,0.040473061051873684,0.7347776945915632,2.7455901403901213
bottom_ocean_temperature,62331.0,9.55005185718794e-15,1.0000080217872238,-2.3320956334731964,-0.5781125255816677,-0.09422263753145631,0.5912095463461133,2.345192654237765
lower_right_bed_rock_elevation,62331.0,-1.550333093699341e-17,1.000008021787135,-2.602127672623459,-0.6626741297007139,-0.006833916642421473,0.6302948989144491,2.569748441837194
lower_right_precipitation,62331.0,-5.654155988785832e-17,1.0000080217872496,-2.4944369819078562,-0.7361598346623912,-0.4201849998285464,0.4360249301679189,2.1943020774133837
lower_right_air_temperature,62331.0,-4.888109048369687e-16,1.0000080217872123,-2.502341428591042,-0.5561356297743023,0.05500843837134229,0.741334902770191,2.3722822622593673
lower_right_ocean_temperature,62331.0,6.564657495109021e-14,1.0000080217871776,-2.2449609704576217,-0.5408241743883992,-0.07260436728837179,0.5952670229910175,2.2994038190602013
bed_rock_elevation_3_years_ago,62331.0,1.3223429328612026e-17,1.0000080217871719,-2.5823734119320663,-0.6558329831619927,-0.004745535166188566,0.628527302684723,2.5550677314547965
precipitation_3_years_ago,62331.0,-3.647842573410214e-18,1.0000080217872256,-2.522424548138101,-0.7488994919322911,-0.4291017335558973,0.433450545538249,2.2069756017440585
air_temperature_3_years_ago,62331.0,-2.265310238087743e-15,1.0000080217871767,-2.724119610699835,-0.65280622222167,0.04986512430365105,0.7280693700971069,2.7869360102044944
ocean_temperature_3_years_ago,62331.0,3.032816315533252e-14,1.0000080217871934,-2.405951951336534,-0.6107811037733711,-0.11315851290870635,0.58599946126871,2.3811703088317904
bed_rock_elevation_2_years_ago,62331.0,1.823921286705107e-18,1.0000080217871947,-2.5950375800454393,-0.6605617566565563,-0.004596514653163645,0.6290887922693659,2.5635646156582492
precipitation_2_years_ago,62331.0,-1.5138546679652388e-16,1.0000080217872307,-2.5328917757462364,-0.7523007231742727,-0.43119875842186456,0.43475997854036974,2.2153510311123332
air_temperature_2_years_ago,62331.0,1.0505786611421417e-15,1.0000080217871747,-2.8839874039041846,-0.7125507228138932,0.034745209842898736,0.7350737312463005,2.905868285217883
ocean_temperature_2_years_ago,62331.0,-5.266755107489667e-14,1.000008021787207,-2.5214430749738876,-0.656820506889562,-0.14072932443144456,0.5862612051666269,2.4508837732508675
bed_rock_elevation_1_year_ago,62331.0,1.276744900693575e-17,1.0000080217871734,-2.592970547093831,-0.6598429101527834,-0.006439273363259824,0.628908847807915,2.5620364847489623
precipitation_1_year_ago,62331.0,-2.3710976727166392e-17,1.000008021787116,-2.5433372351308146,-0.7567283935567535,-0.43174123765272565,0.4343441674926203,2.2209530090666814
air_temperature_1_year_ago,62331.0,1.313223326427677e-16,1.000008021787181,-3.065001645315097,-0.7787040319839735,0.019247880847550275,0.7454943769034392,3.031791990234563
ocean_temperature_1_year_ago,62331.0,-2.6118552825617133e-14,1.000008021787178,-2.6493371272234234,-0.7083617823230987,-0.17093850307052044,0.5856217809438142,2.5265971258442277
ice_thickness,62331.0,1917.8634570688944,1077.8319296910051,0.0104743046686,967.819152832,2080.35620117,2843.658569335,4586.45166016
